{
    "draft_makeseq": 34.427507501739136,
    "draft_seq_point": 1.6771852254956232,
    "place_heart": 0.831021808950241,
    "place_profit_seq": 73.00444164447308,
    "place_profit_point": 20.32126937029666,
    "place_harm_seq": 2.953227308193917,
    "place_harm_point": -8.030002503928918,
    "draft_double_eye": 2.5792981233975993,
    "draft_single_eye": 0.31543118088774946,
    "remove_heart": 3.0850486392617587,
    "remove_profit_seq": 2.478346207530388,
    "remove_profit_point": 8.760523156590892,
    "remove_harm_point": 8.039032856953867
}