{"draft_makeseq": 19.550479175174488, "draft_seq_point": 3.0321519534190537, "place_heart": 7.776114103739523, "place_profit_seq": 66.63536878546257, "place_profit_point": 25.42517656006533, "place_harm_seq": 3.944474816058527, "place_harm_point": -0.5287715731814493, "draft_double_eye": 28.116740412502498, "draft_single_eye": -0.8948688009989818, "remove_heart": -1.8184022776480455, "remove_profit_seq": 5.184366389577694, "remove_profit_point": 4.33656459245841, "remove_harm_point": 3.6844012105811483, "place_around": 12.515300313411787, "place_anti_around": 10.6150455051845, "remove_around": -3.4262973771348917, "remove_anti_around": 0.8641507928150415}