{
    "draft_makeseq": 19.452372160250956,
    "draft_seq_point": 0.3253063377508907,
    "place_heart": 1.3209720660126597,
    "place_profit_seq": 63.95128303146251,
    "place_profit_point": 8.74429872043794,
    "place_harm_seq": 4.666557002837551,
    "place_harm_point": 0.000380869515501835,
    "draft_double_eye": 3.615514968326207,
    "draft_single_eye": 0.041078355395824283,
    "remove_heart": 0.00028307710301634637,
    "remove_profit_seq": 3.2733829313753224,
    "remove_profit_point": 3.908636393278106,
    "remove_harm_point": 3.0607575665715596,
    "place_around": 0.007480922093528974,
    "place_anti_around": 0.3294855939414329,
    "remove_around": 0.01388141333875767,
    "remove_anti_around": 0.26091048846586248,
    "place_profit_length": 1.42599108795688106,
    "place_harm_length": 0.097600103640765,
    "remove_harm_length": 0.8085518488081234,
    "draft_max_length": 0.40340973414800013,
    "remove_profit_length": 0.01333828123607944
}