{
    "draft_makeseq": 20.242757306838286,
    "draft_seq_point": 0.22227973920013726,
    "place_heart": 1.420092989927301,
    "place_profit_seq": 63.792548932943994,
    "place_profit_point": 8.441824577875012,
    "place_harm_seq": 4.478103658140639,
    "place_harm_point": 0.002039657614004683,
    "draft_double_eye": 4.2727830243605265,
    "draft_single_eye": 1.197753395160045,
    "remove_heart": 0.1429255465365564,
    "remove_profit_seq": 4.461861173466834,
    "remove_profit_point": 3.9055483748119504,
    "remove_harm_point": 5.0532770629607255,
    "place_around": 0.0020380222298972586,
    "place_anti_around": 0.10231077273756571,
    "remove_around": 0.06015951983094557,
    "remove_anti_around": 0.20855333514253643,
    "place_profit_length": 0.24371550415996883,
    "place_harm_length": 0.006869490689409881,
    "remove_harm_length": 0.8065820282763599,
    "draft_max_length": 0.6904435264358135,
    "remove_profit_length": 0.018639362319934006,
    "draft_harm_seq": 2.1340165424143636,
    "draft_harm_point": 2.8936064165157425,
    "draft_harm_length": 0.4877093846067318,
    "place_double_eye": -0.1405063573357846
}