{
    "draft_makeseq": 20.30405399867187,
    "draft_seq_point": 0.26413637202481094,
    "place_heart": 2.8342441939830316,
    "place_profit_seq": 63.86520816506032,
    "place_profit_point": 8.612212126061584,
    "place_harm_seq": 4.606040238797947,
    "place_harm_point": 0.0003991243493330656,
    "draft_double_eye": 4.241808432885449,
    "draft_single_eye": 1.218968958056179472,
    "remove_heart": 0.1429255465365564,
    "remove_profit_seq": 3.461861173466834,
    "remove_profit_point": 3.905373740630266,
    "remove_harm_point": 3.053380662086095,
    "place_around": 0.015965394363961216,
    "place_anti_around": 0.17840133607226344,
    "remove_around": 0.05900934416578332,
    "remove_anti_around": 0.20426238157460566,
    "place_profit_length": 0.5383136881675369,
    "place_harm_length": 0.0012274962360088557,
    "remove_harm_length": 0.8113078885141665,
    "draft_max_length": 0.08510632457250103,
    "remove_profit_length": 0.02357020225473766,
    "draft_harm_seq": 2.173228773017429,
    "draft_harm_point": 3.071138168685643,
    "draft_harm_length": 0.0018635945774504006,
    "place_double_eye": -0.11327698927923
}